"id","page_name","page_url","description","has_content","content_value"
"1","home","/","<p><strong>Kizi </strong><span data-preserver-spaces=""true"">is an internet browser game system with the best complimentary <strong><a class=""editor-rtfLink"" title=""Best CrazyGames"" href=""https://www.bestcrazygames.com"" rel=""noopener"">Best CrazyGames</a></strong></span><span data-preserver-spaces=""true"">. CrazyGames Online's website</span><span data-preserver-spaces=""true""> runs on the internet browser and can be played immediately without downloads or installs. You can play on Kizi10 on any device, including laptops, mobile phones, and tablet computers in any language.</span></p>
<p><span data-preserver-spaces=""true"">Other <a href=""https://www.brightestgames.com/cars"" target=""_blank"" rel=""noopener"">online car games</a> will help you improve your reflexes and driving abilities.</span></p>
<p><span data-preserver-spaces=""true""> This </span>game implies it's straightforward and quick to start playing at home, school, or work! Many KIDS play our gunman game<span data-preserver-spaces=""true""> in single-player Mod APK with a pal in two-player </span>online shooting games<span data-preserver-spaces=""true""> worldwide in a multiplayer environment. </span></p>
<p><span data-preserver-spaces=""true"">The most preferred games are Survival Shooting War, Pixel Gun Apocalypse 3, Hammer City, Destroy City Drive, and Moto Racer. However, everyone has their favourite shooting games online</span>, so start checking out and discovering your favourites. I recommend other websites for shooting online games.</p>
<p><strong>Kizi10</strong> Games is a browser platform with the finest free online shooting games. Our shooting games run free in the web browser and can be played instantaneously without downloads or installs. You can play Kizi10 games on any gadget, including laptops, smart devices, and tablet computers, whether at home, school, or the workplace! Over 15 million KIDS play our first-person shooting games monthly, alone in solitary gamer mode or with a close friend in a two-player game.</p>
<p><span data-preserver-spaces=""true"">Bullet Force, Krunker, Shell Shockers, Moto X3M, UNO, Minecraft Classic, Surviv.io and Doge Miner 2 are the most preferred game titles. However, everyone has their favourite <strong><a class="""" title=""backflip maniac"" href=""https://www.kizi10.org/game/play/backflip-maniac"" rel=""noopener"">backflip maniac</a></strong></span><span data-preserver-spaces=""true"">, so begin discovering your faves.</span></p>
<p>Kizi10 games is a web video game where you can play first-person shooting for free. A few years back, having everything cost-free would undoubtedly be an almost tricky initiative. Still, it is manageable today, and we are delighted to provide you with the very best crazy shooters that we have picked for you. Daily, we thoroughly choose brand-new multiplayer games free online to play every time you check our website, and you can try free online shooting games and many other exciting games.</p>
<p>Our goal is simple: to bring you the best multiplayer games. If you have ever desired to play free online games and have had whatever is nicely arranged where you can discover and play your preferred game in the blink of an eye, Kizi10 games are the ideal place! Our two-player games are into one of the most chosen categories, such as action games, driving games, multiplayer games, 3D games, and strategy games. Also, we would undoubtedly be fools if we failed to remember ready ladies because ladies also want to play two-player games! The most effective wager for those who would love to play more challenging and brainteasing games with friends will be our reasoning online games to play with friends, including several math-free girl games online. MMO followers will not be disappointed when they check out our listing of MMO games. We have everything for everybody, and you will not regret spending time with us.</p>
<p>All girl games you discover on our internet site are usable in your browser. Click on the play switch, as well as appreciate the game! Our utmost objective is to satisfy you while playing the best girl games you can locate on the web. Be with us and also be a component of the Kizi10 games household!</p>
<p>What are Kizi10 games?</p>
<p>Girl games accessible is a game author and also a game programmer. The Kizi10 games system is a social media of 30 million players and is expanding. Likewise, the website has videos to watch, like cartoons, gameplay video clips, and game walkthroughs. The media directory is growing daily as brand-new girl games per hour. As Kizi10 games have a long history, we have documented browser pixel gun 3D. This content is a crucial creative tool that clarifies what individuals were like during the various times.</p>
<p>Previously, Kizi10 games were well known for categories like arcade and classic 3D games when Bubble Shooter was the most-played internet browser game. Now, other styles have grown in appeal. Notably, two-player games have preferred web browser pixel guns and gown-up 3D games unblocked. One of the best sections is these multiplayer games. Play the extensive magazine on the web allowed 3D games car.</p>
<p>Kizi10 games are home for players on any gadget. Play car games in 3D or obtain rich 3D graphics on desktops by playing WebGL Games. Otherwise, if your choice is laid-back 2D worlds, HTML5 games will fit you. If you require a nostalgia boost, visit the legacy Flash games archive for all those car games for free that are not feasible elsewhere. The last point is don't neglect to register Your Kizi10 games<span data-preserver-spaces=""true""> Account. It's the social media network that supports the player's neighbourhood.</span></p>
<p>Kizi10 Games have become a beloved destination for gamers of all ages, offering a wide range of exciting and engaging titles. Whether you are looking for action-packed adventures, brain-teasing puzzles, or fun-filled activities, there is something for everyone on this platform. Let's delve into some of the most Popular Kizi10 Games and explore what makes them stand out in the gaming community.</p>
<p>One game that has captured the hearts of many is <strong><a class=""gameKeyword"" href=""https://www.kizi10.org/game/play/hot-jewels-adventure"" target=""_self"">Hot Jewels Adventure</a></strong>. This vibrant and thrilling game takes players on a journey through dazzling jewel-filled landscapes. The objective is to match and collect jewels to progress through increasingly challenging levels. With its stunning graphics and addictive gameplay, Hot Jewels Adventure is a must-play for anyone who loves puzzle games.</p>
<p>Another fantastic addition to the Kizi10 Games library is the <strong><a class=""gameKeyword"" href=""https://www.kizi10.org/home/keyword/minion/atoz"" target=""_self"">Atoz Minion Games</a></strong> collection. These games feature everyone's favorite little yellow characters in a variety of fun and entertaining scenarios. From action-packed adventures to creative problem-solving challenges, Atoz Minion Games offer something for every Minion fan. The engaging gameplay and charming graphics make these games a hit among players of all ages.</p>
<p class="""" data-start=""0"" data-end=""380"">Plants vs. Zombies Unblocked is a thrilling online tower defense game that brings the classic <em data-start=""158"" data-end=""178"">Plants vs. Zombies</em> experience to players without restrictions. This version allows fans to enjoy the strategic gameplay directly in their browser, making it accessible at school, work, or anywhere with internet access.</p>
<p class="""" data-start=""382"" data-end=""762"">In this game, players must defend their home from waves of hilarious yet menacing zombies by strategically placing various plants, each with unique abilities. Sunflowers generate energy, Peashooters attack enemies, and Wall-nuts provide barriers against advancing zombies. As the levels progress, the challenges become more intense, requiring smart planning and quick reactions.</p>
<p class="""" data-start=""764"" data-end=""1325"">The unblocked version retains the original game’s charm while offering seamless gameplay without downloads or installations. This makes it an excellent choice for casual players looking for a fun way to pass the time. Whether you're a longtime <em data-start=""1008"" data-end=""1028"">Plants vs. Zombies</em> fan or new to the series, <a class="""" href=""https://www.kizi10.org/game/play/plants-vs-zombies-unblocked"" target=""_new"" rel=""noopener"" data-start=""1055"" data-end=""1147"">Plants vs. Zombies Unblocked</a> provides endless entertainment with its addictive strategy-based mechanics. Dive into the battle, plant your defenses, and stop the zombie invasion before they reach your house!</p>
<p>For those who enjoy playing with others, What Is The Coolest Kizi10 Game Multiplayer offers a selection of multiplayer games that allow players to connect and compete with friends and strangers around the world. These games are designed to foster interaction and teamwork, providing a dynamic and engaging gaming experience.</p>
<p>Fans of Io games will find a treasure trove of options with Who Is The Best Kizi10 Io Games. These games are known for their simple yet addictive gameplay, allowing players to compete for dominance in various scenarios. The competitive nature and easy-to-understand mechanics make Io games a popular choice among Kizi10 users.</p>
<p>For online gaming enthusiasts, What Is The Best Online Kizi10 Games Online offers a curated list of the top-rated online games available on the platform. These games provide high-quality entertainment and can be played directly from your browser, making them accessible and convenient.</p>
<p>Parents looking for safe and fun games for their children can turn to the Website To Play Kizi10 Games Unblocked For Kids. This site offers a range of unblocked games that are suitable for kids, ensuring they have access to entertaining and age-appropriate content.</p>
<p>Kids Kizi10 Games Free is another excellent resource for finding free games that children can enjoy. These games are designed to be both fun and educational, helping kids develop various skills while having a great time.</p>
<p>For those who prefer not to download games, What Is The Best Free Kizi10 Games Online Free No Download offers a list of games that can be played without any downloads. These games provide high-quality entertainment without taking up space on your device.</p>
<p>Laptop users will appreciate the variety of options available with Io Kizi10 Games On Laptop. These games are optimized for laptop play, ensuring smooth performance and enjoyable gameplay on portable devices.</p>
<p>Students looking for a fun way to pass the time can Play Kizi10 Games At School. These games are designed to be easily accessible and provide a great way to take a break and have some fun during school hours.</p>
<p>For those interested in modified games, What Is The Best Online Kizi10 Game Mod offers insights into the best game mods available on the platform. These mods can enhance the gaming experience by adding new features and capabilities to existing games.</p>
<p>In conclusion, Kizi10 Games offer a rich and diverse gaming experience for players of all ages. From action-packed adventures to engaging puzzles and creative challenges, there is something for everyone on this platform. The Popular Kizi10 Games have garnered a loyal following due to their high-quality graphics, addictive gameplay, and innovative features.</p>
<p>New Kizi10 Games are constantly being added to the platform, ensuring that players always have fresh content to explore. Atoz Kizi10 Games provide a comprehensive range of titles that cater to different interests and preferences, making it easy for players to find something they enjoy.</p>
<p>Whether you are a fan of multiplayer games, Io games, or educational games for kids, Kizi10 has something to offer. The platform's commitment to providing high-quality and entertaining games makes it a favorite among gamers worldwide. Dive into the exciting world of Kizi10 Games today and discover the endless possibilities and fun that await you.</p>","0",
"2","new games","/new-games","<p>On our gaming platform, we strive to curate a top-notch selection of new online games that offer the ultimate interactive experience. Our freshly added games are designed to be enjoyable and educational for players of all ages. Just head over to our new games section, where many exciting choices await your exploration.</p>
<p>Whether you're into action-packed mobile and tablet games built on <strong><a href=""https://www.kizi10.org/home/keyword/html5"">HTML5</a></strong> or more intricate <strong><a href=""https://www.kizi10.org/home/keyword/webgl"">WebGL</a></strong> titles where you can embark on adventures or take down zombies, we've got something for you. For those who love the thrill of multiplayer battles, check out the latest .io games in our collection. These are perfect for engaging with others and making new friends online while indulging in some exhilarating gameplay on kizi10.</p>
<p>Prepare to flex your mental muscles with our range of math puzzles and quiz games that entertain and offer real-world applications. And if you're a fan of sports, fishing, or <a href=""https://www.kizi10.org/game/play/lion-hunter-king""><strong>hunting</strong></a>, our 3D Unity and WebGL simulation games promise endless hours of entertainment.</p>
<p>The gaming landscape is constantly evolving, bringing a plethora of New Games that capture the imaginations of players worldwide. Whether you're a fan of high-octane racing, strategic puzzles, or immersive adventures, there's always something new to explore. This comprehensive guide will delve into some of the most Popular New Games, highlighting the Best New Games that are making waves in the gaming community.</p>
<p>One standout game that has recently gained popularity is the <a class=""gameKeyword"" href=""https://www.kizi10.org/drawer-and-race"" target=""_self"">Drawer And Race</a> game. This unique and engaging game combines creativity with competition. Players must draw pathways for their characters to race along, requiring both artistic skill and strategic thinking. The innovative gameplay and vibrant graphics make Drawer And Race a must-try for anyone looking for something different in their gaming repertoire.</p>
<p>Another exciting addition to the gaming world is the <a class=""gameKeyword"" href=""https://www.kizi10.org/home/keyword/mine/news"" target=""_self"">New Mine Games</a> collection. These games offer players the chance to explore underground worlds, mine for valuable resources, and build their empires. With a variety of challenges and environments to navigate, New Mine Games provide endless hours of entertainment and discovery.</p>
<p>For those who enjoy gaming on the go, Html5 New Games Apps offer a wide range of options that can be played directly from your browser. These games are designed to be lightweight and responsive, ensuring a seamless experience across various devices.</p>
<p>Educational environments can also benefit from gaming with Poki New Games Classroom. These games are tailored to be both fun and educational, helping students engage with learning material in an interactive way.</p>
<p>Keeping up with the latest trends in gaming is made easy with Best Free New Game News. This resource provides updates, reviews, and insights into the newest and most exciting games available, ensuring that you are always in the know about the latest releases.</p>
<p>For those who prefer mobile gaming, finding the right apps can be crucial. What Is The Best Online New Games Apps offers a comprehensive list of top-rated gaming apps that provide high-quality entertainment on your mobile device.</p>
<p>Crazy Games is a well-known platform for a wide variety of games. Online Play New Games On Crazy Games introduces you to some of the best new titles available on this platform, offering diverse genres and gameplay styles to suit all preferences.</p>
<p>Accessibility is key in the gaming world, and New New Games Online Free provides a range of free games that can be played without any cost. These games ensure that everyone can enjoy high-quality gaming experiences regardless of their budget.</p>
<p>For those who like to see examples of innovative game design, Online Games Free New Game Examples showcases some of the most creative and well-crafted games available online. These games often push the boundaries of what is possible in gaming, offering fresh and engaging experiences.</p>
<p>Cheating might not be everyone's cup of tea, but for those who enjoy having an edge, What Is The Coolest New Game Cheat App offers insights into the best cheat apps available. These apps can enhance your gaming experience by providing shortcuts and advantages that make gameplay more exciting.</p>
<p>Multiplayer games have a unique charm, allowing players to connect and compete with others around the world. Html5 New Game Multiplayer features some of the best multiplayer games available in the HTML5 format, ensuring smooth and responsive gameplay.</p>
<p>Offline gaming is still popular among those who prefer not to rely on an internet connection. Free Online New Game In Offline provides a selection of games that can be enjoyed without being online, perfect for travel or areas with limited connectivity.</p>
<p>New Games are constantly being developed, offering fresh and exciting experiences for players of all ages. From action-packed adventures to mind-bending puzzles, the world of gaming is always evolving. Popular New Games capture the imaginations of players worldwide, and the Best New Games set new standards in gameplay and design.</p>
<p>New New Games continue to push the boundaries of creativity and innovation, ensuring that there is always something new and exciting to discover. The comprehensive range of Atoz New Games guarantees that players will find something to suit their tastes, whether they are looking for a quick casual game or a deeply immersive experience.</p>
<p>In conclusion, the gaming world is rich with opportunities for adventure, challenge, and fun. With the rise of New Games, players are constantly treated to fresh and engaging content. Dive into these exciting new titles today and experience the joy and excitement that the gaming world has to offer. Whether you're exploring underground mines or racing along drawn pathways, the thrill of discovery is always just a click away.</p>","0",
"3","best games","/best-games","<p>The gaming world is vast and dynamic, constantly introducing New Best Games that captivate players of all ages. Whether you are a fan of high-speed racing, engaging puzzles, or educational adventures, there is something for everyone. Let's explore some of the Best Games currently available and delve into why they have become Popular Best Games among gamers.</p>
<p>One exciting genre that has captured the hearts of many is racing. Among the top titles in this category is the <strong><a class=""gameKeyword"" href=""https://www.kizi10.org/home/keyword/racer/rated"" target=""_self"">Best Racer Games</a></strong> collection. These games offer thrilling experiences with realistic graphics and challenging tracks that test your driving skills. Whether you prefer fast-paced street racing or off-road adventures, Best Racer Games provide a diverse range of options that keep the adrenaline pumping.</p>
<p>For a more relaxed and educational experience, the <strong><a class=""gameKeyword"" href=""https://www.kizi10.org/game/play/clean-up-kids"" target=""_self"">Clean Up Kids</a></strong> game is an excellent choice. This game is designed to teach children the importance of cleanliness and organization through fun and interactive gameplay. Players help characters clean and organize different environments, making it both an educational and entertaining activity for younger audiences.</p>
<p>Gamers looking for comprehensive guides and tricks can visit the Website To Play Best Game Cheat App, which offers a plethora of cheats and tips for various games. This resource is invaluable for players who want to master their favorite games and discover hidden secrets.</p>
<p>For those who like to stay updated with the latest in gaming, Io Best Game News is a fantastic resource. This site provides news, reviews, and updates on the newest and most popular games, helping players stay informed about the gaming world.</p>
<p>The world of online gaming offers many free options with New Best Games Online Free. These games provide high-quality entertainment without any cost, making them accessible to everyone. From action-packed adventures to mind-bending puzzles, there is something for every type of gamer.</p>
<p>Multiplayer games have also become incredibly popular, allowing players to connect and compete with others worldwide. New Best Game Multiplayer features some of the best multiplayer games available, offering exciting and collaborative experiences that bring people together.</p>
<p>In environments where gaming might be restricted, Crazy Games Unblocked Best Games Unblocked At School provides access to a variety of games that can be played even in restricted settings. These games ensure that students can enjoy their favorite titles without any hindrance.</p>
<p>For those who appreciate stunning visuals, understanding What Is The Coolest Best Game Background can enhance the gaming experience. Games with beautiful backgrounds and immersive environments can transport players to different worlds, adding to the overall enjoyment of the game.</p>
<p>Exploring different game designs and mechanics can be both fun and educational. Play Free Best Game Examples showcases some of the most innovative and well-designed games available, providing inspiration and entertainment for gamers and developers alike.</p>
<p>Laptop users can find a range of suitable games with Poki Best Games For Laptop. These games are optimized for portable devices, ensuring smooth performance and enjoyable gameplay on laptops.</p>
<p>Preschoolers can also join in on the fun with Online Play Best Games For Preschool. These games are designed to be both entertaining and educational, helping young children develop skills while having a great time.</p>
<p>For those wondering if there are free gaming apps available, Is There A Free Best Games Apps provides a list of the best free gaming apps. These apps offer high-quality gaming experiences without any cost, making them accessible to a wide audience.</p>
<p>---------------</p>
<p>In the world of online gaming, the quest for the <strong>Best Games</strong> is an ongoing adventure. Players are constantly on the lookout for the most thrilling experiences across various platforms. Whether you're into action-packed adventures, mind-bending puzzles, or adrenaline-pumping challenges, the allure of the <strong>Popular Best Games</strong> is irresistible. These games not only entertain but also captivate with their immersive gameplay and stunning graphics.</p>
<p>Among the myriad options available, <strong>Icedlevel Games</strong> stand out as a unique blend of strategy and fun. Known for their innovative gameplay mechanics and engaging storylines, <strong>Icedlevel Games</strong> offer players a chance to explore new worlds and conquer formidable challenges. From navigating icy terrains to solving intricate puzzles, each game in the <strong>Icedlevel Games</strong> collection promises an exhilarating experience.</p>
<p>One such gem is <strong>Pirate Travel Coloring</strong>, a delightful addition to the realm of online gaming. This game combines the joy of coloring with the thrill of pirate adventures. Set sail on a virtual voyage as you fill intricate designs with vibrant hues. Perfect for players of all ages, <strong>Pirate Travel Coloring</strong> transforms the traditional coloring book into an interactive journey across the high seas.</p>
<p>When it comes to <strong>Best Best Games</strong>, enthusiasts are often on the lookout for titles that redefine gaming excellence. Whether you're on a quest to <strong>Play Best Games Free To Play</strong> or seeking to uncover <strong>What Is The Coolest Best Games PC</strong>, the options are as diverse as they are exhilarating. From console classics to cutting-edge PC releases, the world of gaming continues to evolve, offering something for every player.</p>
<p>For those who prefer gaming on the go, <strong>New Best Games</strong> for mobile devices present an enticing array of choices. From fast-paced action games to thought-provoking puzzles, these titles showcase the best in mobile gaming technology. Wondering <strong>What Is The Best Free Best Game Mobile</strong>? The answer lies in the seamless blend of gameplay and portability, allowing you to dive into your favorite games anytime, anywhere.</p>
<p>In the realm of gaming communities, discussions often turn to strategies and tips, including <strong>What Is The Best Free Best Game Cheat App</strong>. While integrity in gaming remains paramount, these apps offer insights and shortcuts that can enhance the gaming experience for enthusiasts. Whether you're mastering a <strong>Free Best Game For Laptop</strong> or exploring the depths of a virtual universe, these tools can provide an edge.</p>
<p>The appeal of online gaming extends beyond mere entertainment. For many, it's about creating memorable experiences and forging connections with fellow gamers. Platforms like <strong>Poki Best Game Background</strong> offer a rich tapestry of games, each with its own story to tell. Whether you're delving into <strong>Html5 Best Games Online Free No Download</strong> or embarking on an <strong>Io Best Games Browser</strong> adventure, the possibilities are endless.</p>
<p>Amidst the vast landscape of gaming options, players often seek recommendations on <strong>What Is The Best Free Best Games For Free</strong>. Whether you're exploring a new genre or revisiting a classic, discovering the best games for free adds to the thrill of gaming. Platforms like <strong>Website To Play Best Crazygames</strong> curate a diverse collection of games, catering to every taste and preference.</p>
<p>At the heart of it all lies a shared passion for gaming. Whether you're a casual player or a seasoned enthusiast, the quest for the <strong>Best Games</strong> continues to unite gamers worldwide. With each new release and innovative gameplay mechanic, the landscape of online gaming evolves, promising new adventures and unforgettable experiences.</p>
<p>Rated Best Games is a category that highlights the top-rated games across various genres. These games have been praised by players and critics alike for their exceptional quality, engaging gameplay, and innovative features.</p>
<p>In conclusion, the world of gaming is rich with opportunities for adventure, challenge, and fun. Whether you are into high-speed racing, educational games for kids, or the latest multiplayer experiences, there is a game out there for you. With the rise of New Best Games, the options are endless, and the thrill of discovery is always just a click away. Dive into these exciting games today and experience the joy and excitement they bring. The continuous development of Atoz Best Games ensures that players always have fresh and engaging content to explore. So, get ready to embark on new adventures and enjoy the best that the gaming world has to offer.</p>","0",
"4","featured games","/featured-games","<p>Welcome to the world of Featured Games, where entertainment meets excitement. Whether you're looking for a quick gaming session or a deep, immersive experience, our collection has something for everyone. Our library of games is constantly updated, ensuring you have access to the latest and greatest in gaming. Dive into the fun and explore our categories including Popular Featured Games, New Featured Games, Atoz Featured Games, and more.</p>
<h3>Popular Featured Games</h3>
<p>Our Popular Featured Games section is where you'll find the most played and loved games by our community. These games have been handpicked based on their popularity and user ratings. From action-packed adventures to strategic puzzles, there's something for every type of gamer. Check out what's trending and join millions of players in enjoying these top-rated games.</p>
<h3>New Featured Games</h3>
<p>Stay ahead of the curve with our New Featured Games. This section is dedicated to the freshest and most innovative games available. We update this category regularly to include the latest releases, ensuring that you never miss out on new gaming experiences. Whether you're into fast-paced shooters or relaxing puzzle games, our new featured games will keep you entertained.</p>
<h3>Atoz Featured Games</h3>
<p>Discover a comprehensive list of games in our Atoz Featured Games category. This section includes a wide variety of games sorted alphabetically, making it easy for you to find exactly what you're looking for. From A to Z, we've got it all. Explore different genres and find new favorites in our extensive collection.</p>
<h3>Poki Featured Game Multiplayer</h3>
<p>One of the standout categories is Poki Featured Game Multiplayer, where you can challenge friends and players from around the world. Engage in competitive matches or cooperative gameplay in a variety of multiplayer games. These games are designed to bring people together, making them perfect for social gaming sessions.</p>
<h3>Fun Featured Game Featured Android Games</h3>
<p>For mobile gamers, our Fun Featured Game Featured Android Games category offers a fantastic selection of games that you can play on the go. These games are optimized for Android devices, providing smooth and enjoyable gameplay experiences. From casual games to more complex titles, our Android games are sure to keep you entertained wherever you are.</p>
<h3>Online Games Free Featured Games For Android</h3>
<p>Enjoy a plethora of Online Games Free Featured Games For Android. These games are free to play and easily accessible on your Android device. With no downloads required, you can start playing right away. Whether you prefer action, strategy, or puzzle games, our online free games offer endless fun at your fingertips.</p>
<h3>Featured Featured Games Featured For PC</h3>
<p>For those who prefer gaming on a bigger screen, check out our Featured Featured Games Featured For PC. This section includes games that are specifically designed or optimized for PC play. Enjoy high-quality graphics and immersive gameplay on your desktop or laptop. From indie gems to blockbuster titles, our PC games cater to all types of gamers.</p>
<h3>Who Is The Featured Featured Games Offline</h3>
<p>If you're looking for games that you can play without an internet connection, our Who Is The Featured Featured Games Offline section is perfect for you. These games are ideal for long trips or times when you don't have access to Wi-Fi. Enjoy uninterrupted gaming sessions with our selection of offline games.</p>
<h3>Play Free Featured Games Online</h3>
<p>Our Play Free Featured Games Online category offers a vast collection of games that you can play for free in your browser. No need to download or install anything. Simply choose a game and start playing. This section is perfect for those who want to try out different games without any commitment.</p>
<h3>Featured Free Featured Games On Poki</h3>
<p>Explore the Featured Free Featured Games On Poki. Poki is known for its diverse range of free-to-play games, and our featured section highlights the best of the best. These games are not only fun but also provide great replay value. Discover new adventures and challenges on Poki.</p>
<h3>Featured Featured Game Java</h3>
<p>For fans of classic gaming, our Featured Featured Game Java category includes games that are built using Java. These games are known for their retro feel and nostalgic charm. Whether you're revisiting old favorites or discovering them for the first time, our Java games are sure to bring back fond memories.</p>
<h3>Who Is The Featured Featured Games Online Free No Download</h3>
<p>Enjoy hassle-free gaming with our Who Is The Featured Featured Games Online Free No Download section. These games require no downloads, allowing you to jump straight into the action. Perfect for those who want a quick gaming fix without the wait.</p>
<h3>Poki Featured Game In PC</h3>
<p>Experience the best of both worlds with Poki Featured Game In PC. This category features games that are popular on Poki and optimized for PC play. Enjoy seamless gameplay and high-quality graphics as you explore a variety of genres and titles.</p>
<h3>Flag Games</h3>
<p>In the midst of all these exciting categories, we have a special mention for Flag Games. These games are designed to test your knowledge and recognition of different country flags. They are educational and fun, making them perfect for players of all ages. One such game is the Flag Games, which challenges you to identify flags from around the world. It's a great way to learn and have fun at the same time.</p>
<h3>Logo Memory Challenge: Cars Edition</h3>
<p>Another exciting game worth mentioning is the Logo Memory Challenge: Cars Edition. This game is perfect for car enthusiasts and those who enjoy memory challenges. The game features logos from various car brands, and your task is to match them correctly. It's a fun and engaging way to test and improve your memory skills.</p>
<p>In conclusion, our collection of Featured Games offers something for everyone. Whether you're into multiplayer games, mobile gaming, or classic PC titles, you'll find a game that suits your preferences. Dive into our categories and start exploring today. Happy gaming!</p>
<p> </p>
<p>In today's digital age, online gaming platforms serve as modern-day arcades, offering a plethora of choices to cater to all types of players. Among these platforms, Kizi10.org stands out as a treasure trove of interactive fun, and its featured games section is a testament to this.</p>
<h2>Curated Selection</h2>
<p>What makes the featured games on Kizi10.org so unique? To start with, each title undergoes a rigorous selection process. This isn't merely a random assortment of fun but a curated collection designed to provide a fulfilling and varied gaming experience. Whether you're a puzzle fan, an action enthusiast, or someone who enjoys simple yet addicting arcade games, the featured section on Kizi10.org has something for everyone.</p>
<h2>A Dynamic Range of Genres</h2>
<p>Scrolling through the featured games, you'll notice an exciting range of genres. From fast-paced shooting games to intricate strategy puzzles, Kizi10.org ensures a diverse portfolio that appeals to players of all ages and skill levels. New titles are frequently added, keeping the roster fresh and engaging.</p>
<h2>User-Friendly Interface</h2>
<p>One of the most significant advantages of playing featured games on <strong><a href=""https://www.kizi10.org/updated"">updated games</a></strong> Kizi10.org is the user-friendly interface. With intuitive controls and easy-to-navigate menus, players can dive right into the action without a steep learning curve. Each game also comes with a brief description and user ratings, helping you decide which one to play next.</p>
<h2>Accessibility and Convenience</h2>
<p>Another benefit of the featured games, like<strong><a href=""https://www.kizi10.org/only-up-forward""> Only Up</a></strong>, is their accessibility. Being browser-based, these games don't require any downloads or installations. This means you can enjoy high-quality gaming without freeing up disk space or worrying about system compatibility.</p>
<h2>Community and Social Features</h2>
<p>Kizi10.org also offers social features like leaderboards and player reviews for its featured games. This creates a sense of community among gamers, encouraging friendly competition and the exchange of gaming tips. Knowing you’re part of a community enhances the gaming experience, making it more fulfilling and engaging.</p>
<p>In the middle of your gaming journey, don't miss out on the <a class=""gameKeyword"" href=""https://www.kizi10.org/home/keyword/flag"" target=""_self"">Flag Games</a>. These games are perfect for those who love geography and want to test their knowledge of world flags. With various levels of difficulty, players can challenge themselves to recognize flags from different countries, improving their memory and learning more about the world in the process. It's a great way to combine fun with education, making it ideal for players of all ages.</p>
<p>Another fantastic game to explore is the <a class=""gameKeyword"" href=""https://www.kizi10.org/game/play/logo-memory-challenge-cars-edition"" target=""_self"">Logo Memory Challenge: Cars Edition</a>. This game is perfect for car enthusiasts and those who enjoy memory challenges. Players must match car logos in pairs, enhancing their memory and recognition skills while indulging in their passion for automobiles. With various levels to conquer, it’s a game that keeps you engaged and entertained, providing a satisfying and mentally stimulating experience.</p>
<p>These games are just a glimpse of what we offer. Dive in and discover more thrilling and educational games that cater to your interests and help you grow your knowledge and skills. Whether you're a casual gamer or a hardcore enthusiast, there's always something new and exciting waiting for you.</p>
<h2>Conclusion</h2>
<p>Kizi10.org sets itself apart by offering various games and carefully selecting those that make it to its featured list. This meticulous curation ensures a premium experience for all gamers, from casual players to dedicated enthusiasts. With its variety, accessibility, and community engagement, the featured games section is the jewel of <strong><a href=""https://www.kizi10.org/home/keyword/action"">action games</a></strong>. So why wait? Head over to Kizi10.org and dive into a world of unparalleled gaming fun!</p>
<p> </p>
<p>In the dynamic world of online gaming, the pursuit of the <strong>Bestscore Games</strong> continues to captivate players of all ages. Whether you're delving into the realm of <strong>Popular Bestscore Games</strong> or seeking out the latest <strong>Best Bestscore Games</strong>, the diversity of options ensures there's something for everyone's gaming palate. These games not only challenge reflexes but also stimulate strategic thinking and immerse players in captivating virtual worlds.</p>
<p>One standout in the realm of online gaming is <strong>Rocket Games</strong>, a series known for its fast-paced action and innovative gameplay mechanics. From navigating through asteroid fields to engaging in epic space battles, <strong>Rocket Games</strong> offer a thrilling blend of excitement and skill. Whether you're piloting a sleek spacecraft or commanding a fleet of rockets, each game in this collection delivers an adrenaline rush that keeps players coming back for more.</p>
<p>Another gem in the lineup is <strong>Impossible Box Rush</strong>, a game that tests agility and precision. Players maneuver through a labyrinth of obstacles, navigating tight corners and deadly traps in a race against time. With its challenging levels and responsive controls, <strong>Impossible Box Rush</strong> offers a true test of skill for those seeking a pulse-pounding gaming experience.</p>
<p>For enthusiasts looking to <strong>Play Bestscore Games Apps</strong>, the landscape is rich with options. Whether you're exploring <strong>What Is The Coolest Bestscore Games Classroom</strong> or searching for <strong>Is There A Free Bestscore Game Java</strong>, the variety ensures there's a game to suit every interest and platform. From educational games that blend learning with fun to casual challenges perfect for quick gaming sessions, the bestscore genre spans a wide spectrum of themes and gameplay styles.</p>
<p>Navigating the realm of <strong>Io Bestscore Game News</strong> reveals a vibrant community of players sharing strategies and discussing the latest updates. Whether you're diving into <strong>Play Bestscore Games For Adults</strong> or discovering <strong>What Is The Best Free Bestscore Games Silver Games</strong>, the online discourse enhances the gaming experience, fostering camaraderie and competition among players worldwide.</p>
<p>For younger gamers, <strong>Kids Bestscore Games For Free</strong> offer engaging adventures that stimulate creativity and problem-solving skills. These games combine colorful graphics with age-appropriate challenges, providing a safe and enjoyable gaming environment for children to explore and learn.</p>
<p>Platforms like <strong>Play Free Bestscore Games 3d</strong> and <strong>Play Bestscore Games Hub</strong> curate collections that cater to diverse tastes, ensuring accessibility and enjoyment for gamers of all preferences. Whether you're embarking on a solo quest or teaming up with friends for multiplayer showdowns, the allure of <strong>Bestscore games</strong> lies in their ability to entertain, challenge, and inspire players across the globe.</p>
<p>In conclusion, the world of <strong>Bestscore games</strong> continues to evolve, driven by innovation and a passion for interactive entertainment. From classic favorites to groundbreaking new releases, these games redefine what it means to play and compete in the digital age. Whether you're a seasoned gamer or just starting your journey, there's never been a better time to explore the thrilling world of <strong>Bestscore games</strong> and discover the next gaming adventure that awaits.</p>","0",
"5","played games","/played-games","<p>Welcome to the ultimate gaming destination where you can dive into the world of most played Games, offering an unparalleled selection of titles that cater to every gamer's taste and preference. Whether you're in the mood for action-packed adventures, brain-teasing puzzles, or immersive simulations, our platform has something for everyone. Explore our curated collection of the most popular and beloved games, handpicked to ensure maximum enjoyment and entertainment.</p>
<p>Discover the thrill of the most played Games with our Popular most played Games section, where you'll find the hottest and most talked-about titles of the moment. Join millions of players worldwide in experiencing these top-rated games that have captured the hearts and minds of gamers everywhere.</p>
<p>For those seeking the cream of the crop, look no further than our Best most played Games selection. These top-rated titles have earned rave reviews for their innovative gameplay, stunning graphics, and addictive mechanics. Dive into an unforgettable gaming experience with these must-play games.</p>
<p>Stay ahead of the curve with our New most played Games section, where you'll find the latest releases and freshest additions to our gaming library. From exciting new adventures to innovative gameplay mechanics, these games are sure to keep you on the edge of your seat.</p>
<p>Explore our Atoz most played Games section for a comprehensive overview of all the best titles available. With a wide range of genres and styles to choose from, you're sure to find something that suits your gaming preferences.</p>
<p>Step into the world of coin collecting with our <a class=""gameKeyword"" href=""https://www.kizi10.org/home/keyword/coin/popular"" target=""_self"">Popular Coin Games</a>, where you can embark on exciting adventures to gather coins and treasures. Whether you're navigating through challenging levels or competing against friends, these games offer endless fun and excitement.</p>
<p>Get ready to put your slicing skills to the test with <a class=""gameKeyword"" href=""https://www.kizi10.org/game/play/soap-cutting-3d-game"" target=""_self"">Soap-Cutting-3d-Game</a>. Dive into a world of colorful soap bars and slice them into satisfying shapes and patterns. With realistic physics and vibrant visuals, this game offers a relaxing yet challenging experience for players of all ages.</p>
<p>Experience the thrill of Online Games Free most played Games Unblocked For PC, where you can enjoy your favorite games without any restrictions. Whether you're at home or on the go, these unblocked games offer endless entertainment right at your fingertips.</p>
<p>Join the online gaming community with Free most played Io Games, where you can compete against players from around the world in fast-paced multiplayer action. With a wide range of genres and styles to choose from, there's something for every taste and preference.</p>
<p>Looking for inspiration? Explore our collection of Html5 most played Game Ideas, where you'll find a wealth of creative and innovative game concepts waiting to be explored. From unique gameplay mechanics to immersive storytelling, these games offer a glimpse into the future of gaming.</p>
<p>Engage young minds with Html5 most played Games Classroom, where educational games provide a fun and interactive way to learn new concepts and skills. From math and science to language arts and history, these games cover a wide range of subjects in an engaging and entertaining format.</p>
<p>Enjoy the best gaming experience without breaking the bank with Best most played Games For Free. With a wide selection of free-to-play titles available, you can enjoy hours of gaming fun without spending a dime.</p>
<p>Looking for a way to pass the time between classes? Check out our collection of Fun most played Games To Play At School, where you can enjoy a quick gaming session without any hassle or distractions.</p>
<p>Immerse yourself in stunning visuals and immersive gameplay with Best Free most played Games Best For PC. With a wide selection of high-quality titles available, you can experience the best that gaming has to offer right from the comfort of your own home.</p>
<p>Discover a treasure trove of gaming delights with Website To Play most played Game Background, where you'll find a wide selection of games across genres and styles. Whether you're a casual gamer or a hardcore enthusiast, there's something for everyone to enjoy.</p>
<p>Unleash your inner gamer with Website To Play most played Games Unblocked, where you can enjoy your favorite games without any restrictions or limitations. With a wide selection of titles available, you'll never run out of new games to explore.</p>
<p>Experience the thrill of gaming without any downloads or installations with Play Free most played Game Java. Simply click and play your favorite games instantly, without any hassle or fuss.</p>
<p>Dive into the world of most played games and discover a universe of endless possibilities and excitement. With a wide selection of genres, styles, and gameplay experiences to choose from, there's something for everyone to enjoy. So what are you waiting for? Start your gaming adventure today!</p>","0",
"10","blogs","/blogs","blog","0",
"11","categories","/categories","Dive into the exciting world of aircraft games, where the sky is not the limit but just the beginning of your aerial adventures! Whether you’re a seasoned pilot or a budding aviator, these games provide a wide variety of experiences that cater to every preference. From realistic flight simulators that emulate the intricacies of navigating an aircraft to fast-paced action games that pit you against enemy planes, there's something here for everyone.<br /><br />Players can choose from an array of aircraft types, including commercial airliners, military fighter jets, and even futuristic spaceships. The thrill of soaring high above the clouds, maneuvering through tight spaces, or engaging in epic dogfights will leave you breathless. The graphics and sound effects in these games have improved significantly, allowing for an immersive experience that makes you feel like you’re truly in the cockpit. <br /><br />For those who enjoy strategy, some aircraft games incorporate elements of resource management and tactical plan crafting, challenging players to make split-second decisions that can lead to victory or defeat. Whether you’re executing aerial stunts in an airshow or coordinating military missions, each game offers unique challenges that will keep you on the edge of your seat.<br /><br />Moreover, multiplayer options in many aircraft games allow you to compete or cooperate with friends and players around the world, adding a social aspect that enhances the fun. It’s not just about flying; it’s about the camaraderie and competition that brings players together.<br /><br />To discover various aircraft games that can captivate your attention and keep you entertained for hours, check out this collection of exciting titles. Experience the thrill and artistry of aviation in a completely interactive way through <a class=""gameKeyword"" href=""../../../tag/aircraft"" target=""_self"">Aircraft Games</a>. Whether you're looking for realism, adventure, or pure fun, the sky’s the limit!","0",
"12","search","/search","<p>Are you not finding what you are search for? Do you want a tip on what activities to look for? Don't stress. I wrote a couple of words listed below to assist you in discovering some cool and intriguing video games to fill your spare time.</p>
<p>Looking for a one-stop destination for all your gaming cravings? Dive into a world of endless entertainment with our vast collection of Search Games. Whether you're on the hunt for the latest releases, the most popular picks, or the absolute best in the genre, we've got you covered. From classic favorites to innovative new titles, our selection caters to every taste and preference.</p>
<p>With Search Games, the fun never stops. Discover an array of exciting challenges that will put your skills to the test. From brain-teasing puzzles to adrenaline-pumping action, there's something for everyone to enjoy. Jump into the fray and see if you have what it takes to conquer each level and emerge victorious.</p>
<p>Looking for the hottest trends in gaming? Check out our Popular Search Games section, where you'll find the most talked-about titles of the moment. Join the community and see why these games are capturing the hearts of players around the world.</p>
<p>On the hunt for something fresh and exciting? Explore our collection of New Search Games and be the first to experience the latest innovations in gaming. With new releases added regularly, there's always something new and thrilling to discover.</p>
<p>For those seeking the ultimate gaming challenge, look no further than our selection of Best Search Games. These top-rated titles have earned rave reviews from players and critics alike, delivering an unparalleled gaming experience that will keep you coming back for more.</p>
<p>But the excitement doesn't stop there. Dive into the world of <a class=""gameKeyword"" href=""https://www.kizi10.org/home/keyword/cut/rated"" target=""_self"">Best Cut Games</a> and experience the thrill of precision cutting and slicing. Test your reflexes and strategy as you navigate through a series of challenging puzzles and obstacles. With stunning graphics and addictive gameplay, these games are sure to keep you on the edge of your seat.</p>
<p>Looking for a game that's both simple and addictive? Check out <a class=""gameKeyword"" href=""https://www.kizi10.org/game/play/circle-collector"" target=""_self"">Circle Collector</a>, where you must navigate your way through a maze of obstacles while collecting as many circles as possible. With intuitive controls and endless replay value, this game is perfect for players of all ages.</p>
<p>Whether you prefer to play online or offline, on your browser or on your mobile device, we've got you covered. Our Website To Play Search Games offers a seamless gaming experience across all platforms, so you can enjoy your favorite games anytime, anywhere.</p>
<p>With HTML5 Search Games Online, you can immerse yourself in stunning visuals and smooth gameplay right in your web browser. No downloads or installations required – simply click and play!</p>
<p>Looking for the most realistic gaming experience? Look no further than our collection of What Is The Most Realistic Search Games Go. With cutting-edge graphics and immersive gameplay, these games blur the line between fantasy and reality, transporting you to worlds beyond your imagination.</p>
<p>Got little ones eager to join in on the fun? Our Online Play Search Games For Kids section offers a safe and enjoyable gaming experience for children of all ages. With a variety of age-appropriate games to choose from, you can rest assured knowing that your kids are in good hands.</p>
<p>But why stop there? Explore our selection of IO Search Game Java and experience the thrill of multiplayer gaming at its finest. Join forces with players from around the world as you battle for supremacy in fast-paced, action-packed showdowns.</p>
<p>Looking for the best of the best? Our Online Search Games Best section features hand-picked titles that are sure to impress even the most discerning gamers. From award-winning classics to hidden gems, you'll find it all right here.</p>
<p>Ready for a challenge that will push your skills to the limit? Check out our Crazy Search Games For PC, where you'll encounter mind-bending puzzles and heart-pounding challenges that will test your reflexes and strategy like never before.</p>
<p>And don't forget to keep an eye out for our latest title, New Search games! With fresh releases added regularly, there's always something exciting to look forward to.</p>
<p>So what are you waiting for? Dive into the world of Search Games today and embark on an unforgettable gaming adventure!</p>
<p>The ideal games you can easily explore through groups or even tags are capturing, auto video games, challenges, and lady's activities. Are you actually pondering just how to find a great video game? You may hunt, for instance, pixel as. Well, we are going to present a few of our brand-name fantastic activities like multiplayer shooting games, for example, the <a href=""../../../game/play/survival-shooting-war-game-pixel-gun-apocalyp/"">Survival shooting war game pixel gun apocalypse three</a> and <a href=""../../../game/play/gungame-shooting-warfare-blocky-gangster/"">GunGame shooting warfare blocky gangster</a>, or if you desire some automobile activities, you can easily hunt for <a href=""../../../game/play/island-clean-truck-garbage-sim/"">Island Clean Truck Garbage Sim</a>.</p>
<p>Do not give up if you don't, as if these video games permit an attempt to explore this time around make-up as well. It will present great games like Yuki's Fun Roulette as well as a couple of additional lady activities like <a href=""../../../game/play/antarctica-princess/"">Antarctica Princess</a> and <a href=""../../../game/play/ice-princess-hidden-hearts/"">Ice Princess Hidden Hearts</a>. To dig a lot more on our website, you may select the web page icon as well, and you will find the very best crazy games selected through us. You attempt a few more switches from the menu. Also, I am actually positive you will definitely play a number of our games.</p>
<p>You can easily seek any activities or customers, yet if you don't discover, listed below is actually how to begin.</p>
<p>Enjoy right here and also explore everlasting games you think are actually great for you to hang out here!</p>","0",
"13","tags","/tags","<p>Video games, known as ""<a href=""https://www.kizi10.org/home/keyword/action""><strong>action games</strong></a>"", include high-intensity physical challenges and rapid-fire gameplay that test players' reflexes and ability to think on their feet. <br />Combat, platforming, and puzzle-solving are common features in games of this kind. Players in action games often have access to a wide array of weapons and power-ups to kill foes and advance through stages. Grand Theft Auto, Assassin's Creed, and Call of Duty are just a few well-known titles that fall under this category.</p>
<p><a href=""https://www.kizi10.org/home/keyword/girls""><strong>Girls games</strong></a> aim to pique the interest of young women. The characters and plots of these games often centre on women. Girls' games aren't limited to only the role-playing genre. Barbie, My Little Pony, and Disney Princess are popular girls' games.</p>
<p>Stickman games were video games in which the players control stick figures. Fast-paced action games, such as platforming or puzzle-solving, is the main draw of these games, which typically include simplistic visuals. It's not uncommon for stick figures to appear in games that have shooting or combat. Games like Stickman Hook, Stickman Warriors, and Stickman Shooter are all great examples of the genre.</p>
<p>Video games in the Minecraft Games category are adaptations of the wildly successful sandbox game Minecraft. Open-world exploration, resource collection, and crafting are common gameplay elements these types of games share. It's not uncommon for Minecraft games to combine aspects of survival and adventure. Minecraft Dungeons, Minecraft Earth, and Minecraft Story Mode are all examples of well-liked Minecraft games.</p>
<p>Video games in which players take the role of a driver are sometimes referred to as ""driving games."" Typical titles in this genre include races where players may choose from various automobiles, trucks, and motorbikes. Other game types, such as simulation and open world, may be included in driving games. Popular titles in this genre include Gran Turismo, Need for Speed, and Forza Horizon.</p>
<p>The subgenre of driving games known as ""Truck Games"" focuses on, you guessed it, going and commanding trucks. These games put players in the role of a transporter, navigating hazardous locations while delivering goods. Other game types, including <a href=""https://www.kizi10.org/home/keyword/racing""><strong>racing games</strong></a> and puzzles, may be included in truck games. Games like Euro Truck Simulator 2, American Tractor Simulator, and Truck Driver are great examples of this genre.</p>
<p>The subgenre of driving games known as ""car games"" centres on the operation of motor vehicles. Many games include races and pit players against one another or computer-controlled foes. Games revolving around automobiles may take various forms, including simulation and open world. Forza Motorsport, Gran Turismo, and Project Cars are just a few of the many games in this genre.</p>
<p>To put it simply, <a href=""https://www.kizi10.org/category/shooting""><strong>shooting games</strong></a> are those in which the player takes control of a character who fires guns at virtual foes. Combat is a common feature of these games, requiring rapid reflexes and pinpoint precision to prevail over adversaries. Other game types, such as first-person shooters and adventures, might fall under ""shooting games."" Call of Duty, Battlefield and Halo are just a few examples of successful first-person shooter video games.</p>
<p>Video games whereby characters engage in hand-to-hand combat are known as fighting games. These games often have strategic features and demand players master intricate move sets to win. Other game types, such as action and role-playing, may be included in fighting games. Mortal Kombat, Tekken, and Street Fighter are successful fighting games.</p>
<p>""Zombie games"" are video games in which zombies are the main antagonists. In these games, players must employ various weapons and gadgets to survive against waves of zombies. Even non-shooter or non-adventure games may have zombies. Resident Evil and Left are two well-known examples of this subgenre of video games.</p>
<p>IO Games: IO games are browser-based, multiplayer, internet video games. These games offer live, one-on-one competition between players, often with simplistic visuals and gameplay mechanics. Any game, from racing to strategy to first-person shooters, may be made into an IO game. Agar.io, Slither.io, and Diep.io are all well-known IO games.</p>
<p>Video games developed in HTML5 may be played directly in a web browser without any extra plugins or applications. Puzzle, adventure, and platformer games are all fair for this category. The widespread availability and simplicity of creating HTML5 games have contributed to their meteoric popularity. Games like Cut the Rope, Angry Birds, and 2048, are all great examples of HTML5 games.</p>
<p>In a nutshell, action games are both challenging and exciting, including elements such as fighting and puzzle-solving. Games for female children tend to concentrate on topics like make-up, hairstyles, and fashion. The protagonists of these games are often stick figures, and the gameplay focuses on fast-paced action and platforming. Video games based on the popular sandbox game Minecraft often contain questing, looting, and building. Fun in the driving genre attempt to recreate the sensation of being behind the wheel, whereas games in the truck and automobile genres squarely emphasise the manipulation and control of such vehicles.</p>
<p>In shooting games, players fire guns at their opponents, whereas in fighting games, players engage in hand-to-hand combat. Zombies are the main antagonists of zombie games, which focus on survival and the use of weaponry to ward off hordes of the undead. Video games developed using HTML5 technology and playable in a web browser without the need for extra software fall into the same category as ""online multiplayer games played in a browser"" (also known as ""IO games"").</p>
The realm of tags games offers a diverse and thrilling experience for gamers of all ages. From brain-stimulating puzzles to adrenaline-pumping adventures, there is a wide variety of Popular tags Games that captivate players worldwide. This comprehensive guide will delve into some of the Best tags Games, explore New tags Games, and highlight Atoz tags Games that have become favorites among gaming enthusiasts.
<p>One of the standout titles in the world of tags games is <a class=""gameKeyword"" href=""https://www.kizi10.org/game/play/space-mission-truck"" target=""_self"">Space Mission Truck</a>. This game combines the excitement of space exploration with the challenge of navigating a powerful truck through extraterrestrial terrains. Players must complete various missions, overcoming obstacles and managing resources to succeed. With its unique blend of strategy and action, Space Mission Truck provides an engaging and immersive experience for players who enjoy a mix of science fiction and tactical gameplay.</p>
<p>Another exceptional game that has gained popularity is the <a class=""gameKeyword"" href=""https://www.kizi10.org/home/keyword/mathematical/rated"" target=""_self"">Best Mathematical Games</a> collection. These games are designed to sharpen mathematical skills while providing entertainment. They offer a range of challenges, from basic arithmetic to complex problem-solving, making them suitable for players of all ages. Best Mathematical Games not only enhance cognitive abilities but also make learning fun and interactive.</p>
<p>For those who love a mix of genres, Play tags Crazygames offers an extensive selection of games that cater to various tastes. From action-packed shooters to relaxing puzzle games, Crazygames provides something for everyone. The platform is known for its high-quality graphics and engaging gameplay, making it a popular choice among gamers.</p>
<p>Online tags Games On Poki is another fantastic resource for finding entertaining and diverse games. Poki hosts a wide range of games that can be played directly in your browser, eliminating the need for downloads. This convenience, combined with the variety of games available, makes Poki a favorite destination for casual gamers.</p>
<p>For those who prefer not to spend money on games, Online Games Free tags Games On Poki offers numerous free games that deliver high-quality entertainment. These games cover various genres and are designed to provide enjoyable experiences without any cost, making them accessible to a broad audience.</p>
<p>Gamers who enjoy playing on their PC might wonder, is there a free tags games best for PC? The answer is a resounding yes. There are numerous free tags games available that offer excellent graphics, engaging gameplay, and compatibility with PC platforms. These games ensure that players can enjoy top-notch gaming experiences without spending a dime.</p>
<p>Java-based games have a special place in the hearts of many gamers. Play Free tags Game In Java showcases some of the best Java games available, offering classic gameplay with a modern twist. These games are known for their stability and performance, providing a seamless gaming experience.</p>
<p>Kids tags Game Best Java Games are specifically designed to be entertaining and educational for younger audiences. These games help children develop various skills while ensuring they have a great time. The combination of fun and learning makes these games a valuable resource for parents and educators.</p>
<p>For gamers who prefer offline play, Poki tags Games Offline offers a range of games that can be enjoyed without an internet connection. These games are perfect for travel or areas with limited connectivity, ensuring that you can always have your favorite games at your fingertips.</p>
<p>For young boys who love adventure and action, Crazy Games Unblocked tags Games Boy offers a selection of games that are sure to thrill. These games are designed to be easily accessible and provide hours of entertainment with engaging storylines and dynamic gameplay.</p>
<p>Free online gaming remains a popular choice for many, and Online Games Free tags Free Online Games highlights some of the best free options available. These games offer a variety of genres and styles, ensuring that every player can find something they enjoy.</p>
<p>For those seeking a reliable source to find free online games, the Website To Play tags Free Online Games provides a curated list of top-rated games. This site is a valuable resource for discovering new games and enjoying high-quality entertainment without any cost.</p>
<p>In conclusion, the world of tags games is rich with opportunities for adventure, learning, and fun. From the strategic challenges of Space Mission Truck to the educational benefits of Best Mathematical Games, there is something for every type of gamer. Popular tags games continue to captivate players worldwide with their diverse genres and engaging gameplay. New tags games push the boundaries of creativity and innovation, ensuring that there is always something fresh and exciting to explore. Dive into the vast array of Atoz tags games today and experience the endless possibilities and joy that the gaming world has to offer. Whether you are playing on your PC, mobile device, or offline, the thrill of discovery and adventure is always just a click away.</p>
<div class=""bottom-border""> </div>","0",
"14","updated","/updated-games","<p>In the dynamic world of gaming, updated games are the lifeline that keeps players engaged and entertained. These games undergo regular updates to enhance gameplay, fix bugs, introduce new features, and keep the content fresh and exciting. Whether you're into multiplayer battles, solo adventures, or casual gaming, there's always something new to look forward to in the realm of updated games.</p>
<h3>Popular Updated Games</h3>
<p>Popular updated games are those that consistently capture the attention of gamers worldwide. These games not only boast large player bases but also receive frequent updates that introduce new levels, characters, and features. This continuous improvement keeps players coming back for more, ensuring that the game remains relevant and enjoyable. Some of the most popular updated games include titles like Fortnite, Apex Legends, and Minecraft, which are known for their regular content updates and vibrant player communities.</p>
<h3>Best Updated Games</h3>
<p>The best updated games are often those that combine compelling gameplay with regular updates that keep the experience fresh. Games like The Witcher 3: Wild Hunt and Grand Theft Auto V have set benchmarks in the industry by continuously delivering high-quality content long after their initial release. These games often feature extensive storylines, immersive worlds, and engaging mechanics that make each update a highly anticipated event.</p>
<h3>Updated Updated Games</h3>
<p>When we talk about updated updated games, we refer to those titles that have seen significant improvements over time. These games often start strong and become even better with each update. Titles like No Man's Sky and Destiny 2 have transformed from their original versions into richly detailed, expansive experiences thanks to regular updates that address player feedback and introduce new content.</p>
<h3>Atoz Updated Games</h3>
<p>For those looking for a comprehensive directory of updated games, Atoz updated games offer a complete list from A to Z. This approach ensures that players can find their favorite games and discover new ones easily. Websites dedicated to Atoz updated games provide detailed information on the latest updates, patch notes, and upcoming features, making them an invaluable resource for gamers.</p>
<h3>Popular Blast Games</h3>
<p>Among the variety of updated games, blast games have carved out a niche for themselves. These games typically involve quick reflexes and strategic thinking, making them perfect for short, intense gaming sessions. <a href='https://www.kizi10.org/home/keyword/blast/popular' target='_self' class='gameKeyword'>Popular Blast Games</a> like Bejeweled Blitz and Candy Crush Saga have captivated players with their fast-paced gameplay and frequent updates that introduce new challenges and levels.</p>
<h3>Super Ski - Adventure Hill</h3>
<p>If you're into adventure games, <a href='https://www.kizi10.org/game/play/super-ski-adventure-hill' target='_self' class='gameKeyword'>Super Ski - Adventure Hill</a> offers an exciting experience. This game combines the thrill of skiing with the challenge of navigating through various obstacles on a downhill course. Frequent updates ensure that the game remains challenging and fun, with new courses and obstacles added regularly.</p>
<h3>What Is The Coolest Updated Game Multiplayer</h3>
<p>In the realm of multiplayer gaming, the coolest updated games are those that provide a seamless and engaging experience. Games like Overwatch and Rocket League have become iconic due to their regular updates, which introduce new characters, maps, and modes, ensuring that players always have something new to explore.</p>
<h3>Online Updated Games Apex</h3>
<p>Apex Legends stands out as one of the most popular online updated games. Its developers are committed to delivering regular updates that keep the gameplay fresh and exciting. Each season brings new characters, weapons, and changes to the map, making every match a unique experience.</p>
<h3>Website To Play Updated Crazygames</h3>
<p>For those seeking a platform to play a variety of updated games, websites like CrazyGames offer an extensive library. These platforms provide access to numerous games that are regularly updated, ensuring that players have a steady stream of new content to enjoy.</p>
<h3>Who Is The Best Updated Games For Free</h3>
<p>When it comes to finding the best updated games for free, titles like Warframe and Path of Exile are excellent choices. These games offer extensive content and regular updates without any cost, providing players with a premium gaming experience for free.</p>
<h3>Updated Updated Io Games</h3>
<p>IO games have gained immense popularity due to their simple yet addictive gameplay. Updated updated IO games like Slither.io and Agar.io receive frequent updates that introduce new skins, features, and game modes, keeping the gameplay engaging and fresh.</p>
<h3>What Is The Best Free Updated Games Free To Play</h3>
<p>The best free updated games free to play are those that offer high-quality content without requiring any payment. Games like Fortnite and Apex Legends are prime examples, offering regular updates and new content while remaining free to play.</p>
<h3>What Is The Best Online Updated Game Examples</h3>
<p>Examples of the best online updated games include titles like League of Legends and World of Warcraft. These games have maintained their popularity over the years by continually updating their content, introducing new features, and improving gameplay mechanics.</p>
<h3>Updated Updated Game Mobile</h3>
<p>Mobile gaming has seen a surge in popularity, with many updated updated games available on smartphones and tablets. Games like PUBG Mobile and Clash of Clans are regularly updated with new content, ensuring that mobile gamers have access to the latest features and improvements.</p>
<h3>Online Games Free Updated Games Go</h3>
<p>For those who enjoy playing online games for free, updated games go websites offer a plethora of options. These platforms provide access to a wide range of free games that receive regular updates, ensuring that players always have something new to enjoy.</p>
<h3>Io Updated Games Online</h3>
<p>IO updated games online have become a staple in the gaming community. These games are known for their simple mechanics and addictive gameplay, with regular updates that keep the experience engaging. Popular IO games like Diep.io and Paper.io receive frequent updates that introduce new features and improvements, making them favorites among casual gamers.</p>
<p>In conclusion, updated games play a crucial role in the gaming industry by ensuring that players always have new and exciting content to explore. Whether you're into multiplayer battles, solo adventures, or casual gaming, there's an updated game out there for you.</p>
<p>The gaming world never stands still, and <strong><a href=""https://www.kizi10.org/home/keyword/girls"">girl games</a></strong> are no exception. Look no further if you're always looking for the newest and most engaging games. Kizi10.org continuously adds new titles to its extensive library, ensuring gamers always have something fresh and exciting to dive into. These aren't just any new releases; they're vetted to make sure they meet the high standards you've come to expect from Kizi10.org. From groundbreaking puzzle games to next-level action adventures, there's always something new to discover.</p>
<h2>What's New in Updated Games?</h2>
<p>But what if you're a fan of some of the classic games on Kizi10.org? Don't worry; we've got you covered. Even our most beloved titles receive regular updates to keep them engaging and exciting. Whether adding new levels, introducing power-ups, or improving graphics and user interfaces, Kizi10.org is committed to enhancing your gaming experience. The updated games aren't just the duplicate old titles you've grown accustomed to; they're rejuvenated versions with new elements that add extra layers of fun and challenge on <strong><a href=""https://ro.kizi10.org/skibidi-toilet-only-up"">Skibidi toilet only up</a></strong>.</p>
<h2>Why New Games Matter</h2>
<p>Adding new games is essential for keeping the platform vibrant and engaging. New releases offer novel challenges and storylines that captivate novice and seasoned gamers alike. They also introduce new game mechanics, themes, and genres, broadening the spectrum of entertainment available on Kizi10.org. The platform reaffirms its commitment to delivering high-quality, diverse, and enthralling gaming experiences with each new addition.</p>
<h2>The Importance of Updates</h2>
<p>Updates to existing games are equally crucial. They breathe new life into classic favourites, ensuring they remain relevant and enjoyable. This commitment to improvement resonates with the community, demonstrating that Kizi10.org listens to player feedback. After all, there's nothing better than revisiting a cherished game to find it refreshed and even more engaging than before.</p>
<h2>Smooth Transition and Compatibility</h2>
<p>Whether exploring a brand-new game or revisiting an updated favourite, you can expect the same seamless, browser-based gameplay that Kizi10.org is known for. There's no need to worry about downloads or installations; all that's required is a decent internet connection. This ease of access applies to new and updated games, ensuring a hassle-free gaming experience for everyone.</p>
<h2>In Summary</h2>
<p>In the dynamic world of online gaming, staying ahead of the curve is vital. Kizi10.org does just that by regularly adding new titles and updating existing ones. These efforts keep the platform fresh, engaging, and aligned with players' evolving tastes and preferences. Whether you're keen on tackling new challenges or nostalgic for updated versions of your old favourites, Kizi10.org offers the best of both worlds.</p>
<p>So don't miss out on the exciting changes happening on Kizi10.org. Log in today to explore the newest games and discover what's new in your long-time favourites!</p>","0",
"15","rated","/rated","<p>The gaming industry continues to evolve rapidly, offering an ever-growing selection of Best Games that captivate players of all ages. From high-octane racing experiences to mind-bending puzzles, there is something for everyone. Let's delve into some of the most Popular Best Games that have gained widespread acclaim and explore the exciting world of New Best Games.</p>
<p>One of the standout games in the racing genre is the <strong><a class=""gameKeyword"" href=""https://www.kizi10.org/game/play/huge-monster-trucks"" target=""_self"">Huge Monster Trucks</a></strong> game. This thrilling game allows players to take control of massive trucks and navigate through challenging terrains filled with obstacles and stunts. The realistic physics and detailed graphics make Huge Monster Trucks a must-play for any racing enthusiast looking for an adrenaline rush.</p>
<p>Another exciting addition to the gaming landscape is the <strong><a class=""gameKeyword"" href=""https://www.kizi10.org/home/keyword/orange/atoz"" target=""_self"">Atoz Orange Games</a></strong> collection. These games offer a diverse range of experiences, from action-packed adventures to relaxing puzzles. Atoz Orange Games are known for their vibrant graphics and engaging gameplay, making them a favorite among players seeking variety and fun.</p>
<p>In the world of Crazy Games Unblocked Best Game In PC, players can enjoy unrestricted access to some of the top-rated games that offer seamless gameplay on personal computers. These games are designed to provide maximum entertainment without any restrictions, making them ideal for gamers who want to enjoy uninterrupted fun.</p>
<p>For younger audiences, Online Play Best Game Kids offers a curated selection of games that are both educational and entertaining. These games are designed to engage children with interactive stories and challenges, helping them learn while having fun.</p>
<p>Adults looking for sophisticated gaming experiences can explore What Is The Coolest Best Games For Adults. These games often feature complex storylines, strategic gameplay, and high-quality graphics, providing a deeply immersive experience for mature audiences.</p>
<p>Laptop users can enjoy Play Free Best Game For Laptop, which includes a variety of games optimized for portable devices. These games offer a great balance of performance and entertainment, ensuring that players can enjoy high-quality gaming on the go.</p>
<p>For those who like to stay updated with the latest in gaming, the Website To Play Best Game News is an excellent resource. This site provides news, reviews, and updates on the newest and most popular games, helping players stay informed about the gaming world.</p>
<p>PC gamers have a wealth of options with Online Games Free Best Games PC, offering a range of free games that deliver high-quality graphics and engaging gameplay. These games are perfect for those who want to enjoy premium gaming experiences without spending a dime.</p>
<p>Similarly, Free Online Best Games Best For PC provides a selection of top-rated free games that are optimized for personal computers. These games are known for their excellent performance and captivating gameplay, making them a great choice for PC gamers.</p>
<p>Browser-based games continue to be popular with Online Games Free Best Games Browser offering a variety of games that can be played directly from a web browser. These games are convenient and accessible, requiring no downloads or installations.</p>
<p>For those looking for the best free gaming experiences on their PCs, What Is The Best Free Best Game In PC offers a comprehensive list of top-rated games that are available for free. These games provide excellent entertainment without any cost.</p>
<p>Laptop users can also benefit from What Is The Best Free Best Game For Laptop, which highlights the best free games that run smoothly on laptops. These games are designed to offer great gameplay without compromising on performance.</p>
<p>Rated Best Games is a category that showcases the highest-rated games across various genres. These games have been praised by players and critics alike for their exceptional quality, engaging gameplay, and innovative features.</p>
<p>In conclusion, the world of gaming is rich with opportunities for adventure, challenge, and fun. Whether you are into racing, puzzles, or action-packed adventures, there is a game out there for you. With the rise of new best games, the options are endless, and the thrill of discovery is always just a click away. Dive into these exciting games today and experience the joy and excitement they bring.</p>","0",
"16","favorite games","/favorite-games","<p>Welcome to the ultimate destination for your favorite gaming experiences on the <a href=""../../../"" target=""_self"">Kizi10 website</a>! Here, you can explore an extensive selection of unique and entertaining games that cater to all preferences. Dive in and discover thrilling gameplay, vibrant graphics, and immersive storytelling that promise to keep you engaged for hours on end.</p>
<h3>🎉 What’s Fun About Favorite Games?</h3>
<p>Favorite games are all about pure enjoyment! They offer an eclectic mix of genres designed to cater to diverse tastes. From puzzle challenges to action-filled adventures, there’s something for everyone. Players can delve into captivating worlds, hone their skills, and unleash their creativity in engaging environments. The support from an enthusiastic community enhances the fun, making every gaming session feel lively and exciting!</p>
<h3>🎮 Is Favorite Games the Right Game for You?</h3>
<p>If you’re searching for a dynamic gaming experience that can adapt to your interests, Favorite Games is perfect for you! It caters to casual players looking to unwind, as well as competitive gamers eager to test their skills. The vibrant atmosphere and variety ensure you’ll find titles that resonate with your gaming style, making every visit worthwhile.</p>
<h3>🌟 Popular Favorite Games Categories</h3>
<p>Explore popular categories that provide endless excitement!</p>
<ul>
<li><a class=""gameKeyword"" href=""../../../game/play/princess-favorite-outfits"" target=""_self"">Princess Favorite Outfits</a></li>
<li><a class=""gameKeyword"" href=""../../../game/moto-skyrace-mayhem"" target=""_self"">Moto SkyRace Mayhem</a></li>
</ul>
<h3>🎈 Why Favorite Games Is a Game Like No Other</h3>
<p>What sets Favorite Games apart is its exceptional versatility and the level of engagement it offers. Whether you’re an adventure enthusiast or a fan of strategy, you’ll find titles that challenge and inspire you.</p>
<h3>🌍 Explore What Favorite Games Has to Offer</h3>
<p>Benefits of Favorite Games include an expansive library that updates regularly, ensuring fresh and exciting content for players. There’s also the advantage of learning through gameplay, sharpening cognitive skills while having fun. Enjoy seamless access across devices and a welcoming community, enriching your overall experience!</p>
<h3>❓ User Questions – Favorite Games on Kizi10</h3>
<ul>
<li>Are the Favorite Games free to play? Yes, all games on Kizi10 are free for users!</li>
<li>Can I play Favorite Games on my phone or tablet? Absolutely! The games are mobile-friendly.</li>
<li>Do I need to register to play? No registration is required; you can jump right in!</li>
<li>What types of Favorite Games are available? There's a broad range, including adventure, puzzle, strategy, and more!</li>
</ul>
<h3>📝 What We’ve Learned</h3>
<p>The Favorite Games segment on Kizi10 combines fun with accessibility, providing players of all ages an engaging experience. With a variety of genres available, there’s always something new to explore!</p>","0",
