"id","url","name","footer_description","is_last_rewrite","is_rewrited","show_home","image","total_games","keywordDescriptionRated","keywordDescriptionNew","keywordDescriptionAtoz","keywordDescriptionPopular"
"2396","tank","tank","<b>Welcome to the Ultimate Tank Games Experience on CrazyGamesOnline.com</b>

<p>Join us at CrazyGamesOnline.com for the best tank gaming adventures! Dive into a world of explosive action, strategic battles, and immersive gameplay. Our compilation of tank games offers players thrilling experiences that cater to both casual gamers and hardcore enthusiasts. With intuitive controls and stunning graphics, youâ€™ll feel the adrenaline pumping with every match. Discover unique game mechanics that challenge your tactical skills and decision-making abilities. Ready to roll out? Experience the ultimate tank gameplay now!</p>

<h3>ğŸš€ What is Tank Games About</h3>
<p>Tank games are thrilling combat experiences that allow players to control powerful armored vehicles in various combat scenarios. From strategic warfare to fast-paced action, these games often involve missions where players must outmaneuver their enemies, employing tactics and strategies to emerge victorious. Engaging gameplay mechanics keep players on the edge of their seats, whether they're participating in solo campaigns or multiplayer battles. With their captivating graphics and dynamic environments, tank games offer endless fun while providing an opportunity to sharpen gaming skills and teamwork. Join the action and enjoy the excitement today!</p>

<h3>ğŸ® Why Play Tank Games?</h3>
<p>Tank games are not just about combat; they offer a unique blend of strategy, skill, and adrenaline. They challenge players to think critically, making quick decisions in high-pressure situations while enhancing cognitive abilities. The wide range of gameplay modes ensures that there is something for everyone, catering to both casual and competitive players. With their immersive environments and realistic physics, tank games provide an escape into a thrilling world filled with action and strategy. Whether youâ€™re looking for solo play or enjoying with friends, tank games guarantee hours of engaging entertainment!</p>

<h3>ğŸ”¥ Popular Tank Games Categories</h3>
<p>Explore exhilarating tank games across various categories that promise non-stop fun! Check out these popular titles:</p>
<ul>
  <li><a href='https://www.kizi10.org/game/play/army-tank-driving-simulation-game' target='_self' class='gameKeyword'><b>Army Tank Driving Simulation Game</b></a></li>
  <li><a href='https://www.kizi10.org/game/play/last-tank-attack' target='_self' class='gameKeyword'><b>Last Tank Attack</b></a></li>
  <li><a href='https://www.kizi10.org/game/play/pixel-us-red-and-blue' target='_self' class='gameKeyword'><b>Pixel Us Red and Blue</b></a></li>
</ul>

<h3>ğŸŒŸ What Makes Our Tank Games Special?</h3>
<p>Our tank games stand out due to their high-quality graphics, diverse gameplay modes, and user-friendly controls that appeal to players of all skill levels. We prioritize delivering an engaging gaming experience with captivating storylines and intricately designed battlefields. With frequent updates and new releases, players can discover fresh challenges and adventures. Our community-driven approach ensures that feedback is valued, and improvements are made continually. Dive in to find out what makes our tank games truly exceptional!</p>

<h3>ğŸŒˆ Tank Games for Everyone â€“ Kids & Adults Alike</h3>
<p>At CrazyGamesOnline.com, our tank games are designed to be enjoyed by players of all ages, making them suitable for kids and adults alike. The inclusion of various difficulty levels ensures that everyone can participate and grow their skills, regardless of their gaming background. These games encourage teamwork and friendly competition, making them ideal for family fun or gatherings with friends. Whether youâ€™re strategizing with your team or going solo, thereâ€™s something for everyone to enjoy. Join the tank battle and have a blast!</p>

<h3>ğŸ“š Learn More About Tank Games</h3>
<p> Benefits of Tank Games : Playing tank games offers numerous benefits, including improved hand-eye coordination, strategic thinking, and enhanced problem-solving skills. Not only do these games encourage teamwork and collaboration through multiplayer modes, but they also provide a fun and engaging way to relieve stress. The immersive gameplay allows players to escape reality for a while, fostering creativity and critical thinking in challenging scenarios. Jump into the captivating world of tank games and experience their many advantages!</p>

<h3>â“ FAQs â€“ Tank Games on CrazyGamesOnline.com</h3>
<p><b>Are the Tank games free to play?</b> Yes! All tank games on CrazyGamesOnline.com are free to play.</p>
<p><b>Can I play Tank games on my phone or tablet?</b> Absolutely! Our tank games are optimized for mobile devices, allowing you to play on the go.</p>
<p><b>Do I need to register to play?</b> No registration is required; you can dive right into the action!</p>
<p><b>What types of Tank games are available?</b> We offer a diverse range of tank games including simulations, battle warfare, and arcade-style gameplay.</p>

<h3>ğŸŒŸ Final Thoughts</h3>
<p>If youâ€™re searching for an exhilarating gaming experience, tank games at CrazyGamesOnline.com are just what you need! Our collection offers unmatched excitement, strategic challenges, and endless enjoyment for players of all ages. With various styles and mechanics, youâ€™re sure to find a game that suits your taste. Explore the immersive worlds, engage in intense battles, and enjoy the camaraderie of gaming with friends or family. Get ready to take command and dive into the action-packed universe of tank games today!</p>","0","0","1",NULL,"91","<p>Welcome to the ultimate experience of Tank games on <a href='https://www.kizi10.org' target='_self' class='gameKeyword'><b>kizi10.org</b></a>! Dive into a world where you can command powerful tanks through thrilling battles and challenging missions. Enjoy a vast selection of games that cater to every tank enthusiast. Whether you're a newbie or a seasoned warrior, our platform offers a variety of tank games that are sure to keep you entertained for hours. Explore, conquer, and rise through the ranks as you unleash your tactical prowess!</p>

<h3>ğŸš€ Whatâ€™s Fun About Rated Tank games?</h3>
<p>Rated Tank games are packed with action and strategy, making them a thrilling experience for players of all ages. Engage in intense battles where you must outsmart your opponents while navigating a dynamic battlefield. The diverse range of game mechanics allows for endless possibilities, ensuring you never get bored. Whether you prefer solo missions or collaborative team play, Rated Tank games provide a fun escape from reality, challenging your tactical skills and reflexes in every session!</p>

<h3>ğŸ® Is Rated Tank games the Right Game for You?</h3>
<p>If you love adrenaline-pumping action and strategic gameplay, Rated Tank games might just be your perfect match! These games are designed to cater to both casual players and hardcore gamers alike. With intuitive controls and exciting gameplay, you can easily jump in and start having fun! Additionally, Rated Tank games often feature stunning graphics and immersive sound effects, offering a truly engaging experience that keeps players coming back for more. Give them a try and discover your inner tank commander!</p>

<h3>ğŸ”¥ Popular Rated Tank games Categories</h3>
<p>Explore an array of popular categories in Rated Tank games, ensuring you find exactly what you enjoy. Some must-plays include <a href='https://www.kizi10.org/game/play/tank-vs-golems-2' target='_self' class='gameKeyword'><b>Tank VS Golems 2</b></a>, <a href='https://www.kizi10.org/game/play/super-tank-battle' target='_self' class='gameKeyword'><b>Super Tank Battle</b></a>, and <a href='https://www.kizi10.org/game/play/just-draw' target='_self' class='gameKeyword'><b>Just Draw</b></a>. Dive into these engaging titles and discover countless hours of entertainment!</p>

<h3>âœ¨ Why Rated Tank games Is a Game Like No Other</h3>
<p>Rated Tank games stand out due to their unique blend of strategy, action, and immersive storytelling. Each game offers a different set of challenges that test your tactical skills and creativity. The ability to customize tanks, strategize your moves, and face off against opponents brings a personal touch to each match. In addition, the community aspect, which includes competing against friends or global players, adds an extra layer of excitement, making Rated Tank games a truly captivating experience for all players!</p>

<h3>ğŸ‘¨â€ğŸ‘©â€ğŸ‘§ All-Age Entertainment: Rated Tank games for the Whole Family</h3>
<p>Rated Tank games are designed to bring fun and entertainment for players of all ages! With appealing visuals, engaging gameplay, and user-friendly controls, it's a suitable choice for families to enjoy together. These games promote teamwork, strategic thinking, and coordination, making them an educational tool as well. Create cherished memories as you battle side by side, making it an excellent bonding experience for friends and family alike!</p>

<h3>ğŸ” Explore What Rated Tank games Has to Offer</h3>
<p>Benefit of Rated Tank games: Engaging gameplay, stunning graphics, and a variety of challenges make Rated Tank games a great way to unwind and enhance your strategic thinking. Players can enjoy new quests and scenarios that continuously evolve, keeping the experience fresh and exciting. Additionally, many of these games encourage teamwork and collaboration, helping players to develop essential skills while having fun!</p>

<h3>â“ User Questions â€“ Rated Tank games on kizi10.org</h3>
<ul>
    <li><b>Are the Rated Tank games free to play?</b> Absolutely! All Rated Tank games on kizi10.org are free to enjoy!</li>
    <li><b>Can I play Rated Tank games on my phone or tablet?</b> Yes, these games are compatible with both mobile and tablet devices for on-the-go gaming!</li>
    <li><b>Do I need to register to play?</b> No registration is required; you can start playing right away!</li>
    <li><b>What types of Rated Tank games are available?</b> There is a diverse range of tank games, from battle simulations to puzzle-solving challenges!</li>
</ul>

<h3>ğŸ“ What Weâ€™ve Learned</h3>
<p>Rated Tank games offer a unique and thrilling experience that captivates a wide audience. With their engaging gameplay, diverse challenges, and opportunities for collaboration, these games stand out in the online gaming world. Whether you're looking for fun or a chance to refine your strategic skills, Rated Tank games provide a perfect blend of both. So gear up and join the adventure on kizi10.org, where amazing tank battles await you!</p>","<p>Welcome to the ultimate destination for new tank games on <a href=""https://www.kizi10.org"" target=""_self"">kizi10.org</a>! Here, you can dive into an exhilarating world of tank battles, strategic gameplay, and heart-pounding action. Whether youâ€™re a novice or a seasoned gamer, our collection will immerse you in an adventure filled with challenges that test your skills and tactics. Get ready to command your tank, outsmart your opponents, and conquer the battlefield like never before!</p>

<h3>ğŸ® Whatâ€™s Fun About New Tank games?</h3>
<p>New tank games are designed to deliver an exhilarating gaming experience filled with adrenaline-pumping action! Players can enjoy various modes, from solo campaigns to competitive multiplayer battles. The thrill of strategy meets fast-paced gameplay, allowing you to customize tanks and devise tactics for success. With stunning graphics, immersive sound, and engaging mechanics, these games captivate players of all ages. Tank enthusiasts will find endless enjoyment, making every session a burst of excitement!</p>

<h3>ğŸ¤” Is New Tank games the Right Game for You?</h3>
<p>If you love action-packed gameplay, then new tank games might be perfect for you! They cater to players who enjoy strategy, teamwork, and exhilarating challenges. Whether you prefer solo adventures or face-offs against friends, tank games offer diverse experiences to keep you engaged. Plus, they are accessible for all skill levels, making it easy for anyone to jump in and play. If you crave fun, strategy, and excitement, get ready to take your tank to the battlefield!</p>

<h3>ğŸš€ Popular New Tank games Categories</h3>
<p>Explore our exciting categories of tank games! Check out popular titles such as <a href='https://www.kizi10.org/game/play/tank-vs-demons' target='_self' class='gameKeyword'><b>Tank VS Demons</b></a>, where you battle against monstrous foes, or enjoy the competitive thrill of <a href='https://www.kizi10.org/game/play/super-tank-battle' target='_self' class='gameKeyword'><b>Super Tank Battle</b></a>. If you want a quirky twist, try your skills in <a href='https://www.kizi10.org/game/play/smash-the-ants' target='_self' class='gameKeyword'><b>Smash The Ants</b></a> for a fun and chaotic experience!</p>

<h3>ğŸ”¥ Why New Tank games Is a Game Like No Other</h3>
<p>New tank games stand out due to their unique blend of strategy and action. Players must think creatively while maneuvering their tanks on the field. The opportunity to customize tanks adds another layer of personalization, keeping the gameplay fresh and engaging. With innovative challenges and obstacles, youâ€™re never short on excitement as you overcome each level. Plus, the vibrant graphics and sound effects further enhance the immersive experience. Dive into the unbelievable world of tank warfare and see why these games are like no other!</p>

<h3>ğŸ‘¨â€ğŸ‘©â€ğŸ‘§â€ğŸ‘¦ All-Age Entertainment: New Tank games for the Whole Family</h3>
<p>New tank games offer something for everyone, making them perfect for family entertainment! They are designed to be fun, accessible, and challenging, appealing to kids and adults alike. Families can bond as they strategize and compete together, creating unforgettable moments. These games help improve hand-eye coordination and foster critical thinking skills, all while providing enjoyment. Dive into the fun of tank battles and experience quality family time!</p>

<h3>ğŸ” Explore What New Tank games Has to Offer</h3>
<p>New tank games come with numerous benefits that enhance your gaming experience. They improve your analytical skills, boost teamwork, and provide a sense of accomplishment as you level up. With vibrant graphics and imaginative challenges, these games keep you entertained for hours. Additionally, tank games foster social interaction, allowing you to connect with friends and other players in cooperative and competitive environments. The possibilities are endless in the world of tank gaming!</p>

<h3>ğŸ¤” User Questions â€“ New Tank games on kizi10.org</h3>
<p><b>Are the New Tank games free to play?</b> Yes, many new tank games on <a href=""https://www.kizi10.org"" target=""_self"">kizi10.org</a> are free to enjoy!</p>
<p><b>Can I play New Tank games on my phone or tablet?</b> Absolutely! Most of these games are optimized for mobile play.</p>
<p><b>Do I need to register to play?</b> No registration is required to start playing, making it easy to jump right in!</p>
<p><b>What types of New Tank games are available?</b> You'll find various genres, including action, strategy, and puzzle games that feature tanks!</p>

<h3>ğŸ“ What Weâ€™ve Learned</h3>
<p>In summary, new tank games offer an exciting blend of strategy, excitement, and fun for all ages. They provide unique gameplay experiences where players can challenge themselves and engage in healthy competition. With numerous titles and styles to choose from on platforms like <a href=""https://www.kizi10.org"" target=""_self"">kizi10.org</a>, thereâ€™s a tank game for every preference. These games not only entertain but also foster valuable skills, making them a fantastic choice for players seeking thrilling action and enjoyable family time.</p>","<p>Welcome to the ultimate experience of <b>Atoz Tank games</b> on <a href='https://www.kizi10.org' target='_self'>kizi10.org</a>! Dive into an exhilarating world filled with action, strategy, and fun as you navigate through various tank-themed challenges. Enjoy a wide array of games designed to test your skills and entertain you for hours on end. With thrilling graphics and engaging gameplay, Atoz Tank games promise a unique gaming experience that's hard to find elsewhere!</p>

<h3>Whatâ€™s Fun About Atoz Tank games? ğŸ®</h3>
<p>Atoz Tank games are packed with excitement, blending strategy and action for an unforgettable gaming experience. Players can take part in intense battles, design their strategies, and enhance their tanks for optimal performance. Whether you are battling against zombies or engaging in historical warfare, each game offers a unique challenge that keeps you on the edge of your seat. Moreover, the vibrant graphics and easy-to-use controls make it enjoyable for both seasoned gamers and newcomers alike!</p>

<h3>Is Atoz Tank games the Right Game for You? ğŸ¤”</h3>
<p>If you enjoy action-packed gameplay, strategic thinking, and engaging storylines, then Atoz Tank games are definitely the right choice for you! These games cater to various interests, whether you prefer solo play or competitive matches against friends. The diverse range of tank games also ensures that thereâ€™s something for everyone, making it a fantastic option for casual gamers and hardcore enthusiasts alike. So gear up and find out what suits your style best!</p>

<h3>Popular Atoz Tank games Categories ğŸš€</h3>
<p>Explore the thrilling categories of Atoz Tank games, where you can choose your favorite adventures! Check out these popular titles:</p>
<ul>
    <li><a href='https://www.kizi10.org/game/play/tank-vs-zombies' target='_self' class='gameKeyword'><b>Tank VS Zombies</b></a></li>
    <li><a href='https://www.kizi10.org/game/play/ww2-modern-war-tanks-1942' target='_self' class='gameKeyword'><b>WW2 Modern War Tanks 1942</b></a></li>
    <li><a href='https://www.kizi10.org/game/play/idle-helloween' target='_self' class='gameKeyword'><b>Idle Helloween</b></a></li>
</ul>

<h3>Why Atoz Tank games Is a Game Like No Other ğŸŒŸ</h3>
<p>Atoz Tank games stand out due to their unique blend of strategy and action, allowing players to engage in combat while also being strategic. Each game offers innovative mechanics and diverse challenges that keep the gameplay fresh and exciting. The variety of themes from historical warfare to whimsical adventures ensures that players never get bored. With escalating difficulty, Atoz Tank games continually challenge your skills and reflexes, making them a gaming experience unlike any other!</p>

<h3>All-Age Entertainment: Atoz Tank games for the Whole Family ğŸ‘ª</h3>
<p>Atoz Tank games are designed for players of all ages, making them perfect for family gaming sessions! With varying difficulty levels, everyone can enjoy the thrill of tank battles and strategize together. Family members can team up or compete against each other in exciting matches, fostering a fun and competitive spirit. Plus, the educational aspect of strategic thinking adds value for younger players, making Atoz Tank games a great choice for family entertainment!</p>

<h3>Explore What Atoz Tank games Has to Offer ğŸ”</h3>
<p>The benefits of Atoz Tank games are vast! They enhance critical thinking skills, promote teamwork, and provide endless fun. Players can enjoy engaging storylines and captivating graphics that make for an immersive gaming experience. Additionally, the diverse range of games allows players to find something that suits their preferences, ensuring hours of entertainment. Dive into the world of tanks and experience these incredible benefits for yourself!</p>

<h3>User Questions â€“ Atoz Tank games on kizi10.org â“</h3>
<p><b>Are the Atoz Tank games free to play?</b> Yes, all Atoz Tank games on kizi10.org are free to play!</p>
<p><b>Can I play Atoz Tank games on my phone or tablet?</b> Absolutely! Atoz Tank games are mobile-friendly and can be played on various devices.</p>
<p><b>Do I need to register to play?</b> No registration is required just jump in and start playing immediately!</p>
<p><b>What types of Atoz Tank games are available?</b> There are numerous categories, including zombie battles, modern warfare, and idle games, catering to all interests.</p>

<h3>What Weâ€™ve Learned ğŸ“š</h3>
<p>Atoz Tank games provide not only thrilling gameplay but also a unique opportunity for strategic engagement and family bonding. With a wide variety of games available, players of all ages can find something that they love. Whether you are looking for solo adventures or competitive matches, the Atoz Tank games on <a href='https://www.kizi10.org' target='_self'>kizi10.org</a> truly offer something for everyone. Dive into this exciting world and unleash your inner strategist today!</p>","<p><b>Welcome to the Ultimate Popular Tank Games Experience</b> at CrazyGamesOnline.com! Dive into an exhilarating world where strategy meets action. Whether you're maneuvering through intense battles or solving intricate puzzles, our selection of tank games offers something for everyone. Experience heart-pounding excitement and challenge your skills as you take control of powerful tanks on various terrains. Enjoy seamless gameplay with stunning graphics and immersive sound effects. Join us for endless entertainment and discover why we're the best destination for tank games online!</p>

<h3>ğŸš€ What is Popular Tank Games About?</h3>
<p><b>Popular Tank Games</b> bring the thrill of tank warfare to your fingertips. In these action-packed games, players command various tanks through challenging missions, engaging in combat, strategy, and problem-solving. Youâ€™ll encounter an array of game modes, including single-player campaigns, multiplayer battles, and tactical challenges. Each game offers unique gameplay mechanics and exciting scenarios, providing hours of entertainment for all ages. Explore diverse environments and customize your tanks for an even more immersive experience.</p>

<h3>ğŸ® Why Play Popular Tank Games?</h3>
<p>Playing <b>Popular Tank Games</b> offers more than just entertainment; it sharpens your strategic thinking and reflexes. Engaging in these games enhances your problem-solving skills as you learn to navigate obstacles and outsmart opponents. Ideal for both casual gamers and hardcore enthusiasts, they offer a stimulating escape from daily routine. With user-friendly interfaces and a variety of levels, these games can be enjoyed solo or with friends, making them perfect for social gaming experiences. Experience the adrenaline rush today!</p>

<h3>ğŸŒŸ Popular Tank Games Categories</h3>
<p>Discover a wide array of tank game categories that cater to every taste:</p>
<ul>
    <li><a href='https://www.kizi10.org/game/play/tank-strategy' target='_self' class='gameKeyword'><b>Tank Strategy</b></a></li>
    <li><a href='https://www.kizi10.org/game/play/military-tanks-jigsaw' target='_self' class='gameKeyword'><b>Military Tanks Jigsaw</b></a></li>
    <li><a href='https://www.kizi10.org/game/play/xtreme-monster-truck-offroad-fun-game' target='_self' class='gameKeyword'><b>Xtreme Monster Truck & Offroad Fun Game</b></a></li>
</ul>

<h3>ğŸ† What Makes Our Popular Tank Games Special?</h3>
<p>What sets our <b>Popular Tank Games</b> apart is the unparalleled quality and variety they offer. Each game is meticulously designed to provide captivating gameplay, stunning visuals, and engaging storylines. Our platform also updates frequently, ensuring that players have access to the latest tank games and features. User feedback is integrated into our game development process, resulting in a community-focused experience. Additionally, our optimization for different devices allows players to enjoy their favorite games anytime, anywhere!</p>

<h3>ğŸ‘¨â€ğŸ‘©â€ğŸ‘§â€ğŸ‘¦ Popular Tank Games for Everyone â€“ Kids & Adults Alike</h3>
<p>Popular Tank Games are designed to be fun and accessible for <b>everyone</b>, regardless of age or gaming skill. From kids who are just starting to discover the world of gaming to adults looking for a nostalgic experience, there's a tank game for everyone. These games not only entertain but also promote cognitive skills such as strategy and coordination, making them a great choice for family bonding time!</p>

<h3>ğŸ“š Learn More About Popular Tank Games</h3>
<p><b>Benefits of Popular Tank Games</b> include improved hand-eye coordination, enhanced strategic thinking, and stress relief. These games require players to think critically, react swiftly, and work within a team in some scenarios, making them not just fun but also educational. Engaging in tank games can also foster creativity as players customize vehicles and strategize on how to approach different missions.</p>

<h3>â“ FAQs â€“ Popular Tank Games on CrazyGamesOnline.com</h3>
<ul>
    <li><b>Are the Popular Tank Games free to play?</b> Yes! All of our popular tank games are available for free!</li>
    <li><b>Can I play Popular Tank Games on my phone or tablet?</b> Absolutely! Our games are optimized for mobile devices.</li>
    <li><b>Do I need to register to play?</b> No registration is required; just jump in and start playing!</li>
    <li><b>What types of Popular Tank Games are available?</b> We offer a variety, including strategy, puzzle, and action-packed combat games.</li>
</ul>

<h3>ğŸ“ Final Thoughts</h3>
<p>In conclusion, <b>Popular Tank Games</b> on CrazyGamesOnline.com offer an immersive experience that captivates players of all ages. With an extensive library of games, engaging gameplay, and opportunities for skill development, these games are a perfect escape from everyday life. Whether you're looking to strategize, battle, or relax, our platform has everything you need to fuel your gaming passion. Join our thriving community today and start your tank adventure!</p>"